{
  "required": true,
  "minVersion": "0.8",
  "package": "dev.lvstrng.argon.mixin",
  "compatibilityLevel": "JAVA_21",
  "mixins": [
    "ClientConnectionMixin",
    "EndCrystalItemMixin",
    "ItemStackMixin",
    "LivingEntityAccessor",
    "WorldAccessor"
  ],
  "client": [
    "BufferRendererAccessor",
    "CameraMixin",
    "ClientPlayerEntityMixin",
    "ClientPlayerInteractionManagerAccessor",
    "ClientPlayerInteractionManagerMixin",
    "FrustumAccessor",
    "GameRendererMixin",
    "HandledScreenMixin",
    "InGameHudMixin",
    "KeyBindingAccessor",
    "KeyBindingMixin",
    "KeyboardMixin",
    "MinecraftClientAccessor",
    "MinecraftClientMixin",
    "MouseHandlerAccessor",
    "MouseMixin",
    "OtherClientPlayerEntityAccessor",
    "ScreenMixin",
    "WorldRendererAccessor"
  ],
  "injectors": {
    "defaultRequire": 1
  }
}
